{
    "5983515377": {
        "url": "https://checkout.hoodpay.io/ad9a925f-222d-4e42-a278-eb5df9ce4355",
        "payID": "ad9a925f-222d-4e42-a278-eb5df9ce4355",
        "description": "15 USD Topup Balance"
    },
    "6555867970": {
        "url": "https://checkout.hoodpay.io/ff759b20-5262-4c97-a84d-6af6b7872156",
        "payID": "ff759b20-5262-4c97-a84d-6af6b7872156",
        "description": "15 USD Topup Balance"
    },
    "6711806944": {
        "url": "https://checkout.hoodpay.io/928a5583-02f4-43e2-bf0a-c29644630624",
        "payID": "928a5583-02f4-43e2-bf0a-c29644630624",
        "description": "15 USD Topup Balance"
    },
    "6263688826": {
        "url": "https://checkout.hoodpay.io/6e151c99-2f5f-4c4f-b9e4-076b1d278835",
        "payID": "6e151c99-2f5f-4c4f-b9e4-076b1d278835",
        "description": "15 USD Topup Balance"
    },
    "1244264321": {
        "url": "https://checkout.hoodpay.io/4dd4f8dd-597c-4f83-ba6f-8795dda27075",
        "payID": "4dd4f8dd-597c-4f83-ba6f-8795dda27075",
        "description": "15 USD Topup Balance"
    },
    "5958053713": {
        "url": "https://checkout.hoodpay.io/8c340266-f947-43ff-b867-149e92952133",
        "payID": "8c340266-f947-43ff-b867-149e92952133",
        "description": "15 USD Topup Balance"
    },
    "6324673023": {
        "url": "https://checkout.hoodpay.io/04187a90-1753-4452-be01-05a34a9616d5",
        "payID": "04187a90-1753-4452-be01-05a34a9616d5",
        "description": "15 USD Topup Balance"
    },
    "5694511071": {
        "url": "https://checkout.hoodpay.io/17ea6761-4df3-46a8-b496-9cc0d275a164",
        "payID": "17ea6761-4df3-46a8-b496-9cc0d275a164",
        "description": "15 USD Topup Balance"
    },
    "5562474586": {
        "url": "https://checkout.hoodpay.io/453056e0-28b8-4c6e-8f58-53444541d12a",
        "payID": "453056e0-28b8-4c6e-8f58-53444541d12a",
        "description": "30 USD Topup Balance"
    },
    "6617083032": {
        "url": "https://checkout.hoodpay.io/62228f8e-5ae5-42d8-bde3-73b6f1c38eec",
        "payID": "62228f8e-5ae5-42d8-bde3-73b6f1c38eec",
        "description": "15 USD Topup Balance"
    },
    "5820142619": {
        "url": "https://checkout.hoodpay.io/9163122d-c9c4-4091-bcda-6e061a21ec5a",
        "payID": "9163122d-c9c4-4091-bcda-6e061a21ec5a",
        "description": "15 USD Topup Balance"
    },
    "2022524199": {
        "url": "https://checkout.hoodpay.io/95200bab-0848-4e50-b959-d4931b7899dc",
        "payID": "95200bab-0848-4e50-b959-d4931b7899dc",
        "description": "15 USD Topup Balance"
    },
    "6846716171": {
        "url": "https://checkout.hoodpay.io/2e7dfea3-b60d-48bb-b8a4-7b23efb07a95",
        "payID": "2e7dfea3-b60d-48bb-b8a4-7b23efb07a95",
        "description": "15 USD Topup Balance"
    },
    "950302253": {
        "url": "https://checkout.hoodpay.io/e689fc32-8683-4a14-8046-ff5321aa93f7",
        "payID": "e689fc32-8683-4a14-8046-ff5321aa93f7",
        "description": "15 USD Topup Balance"
    },
    "6703655290": {
        "url": "https://checkout.hoodpay.io/58f4c5bf-ddb7-4f4c-858b-738788aec6b3",
        "payID": "58f4c5bf-ddb7-4f4c-858b-738788aec6b3",
        "description": "15 USD Topup Balance"
    },
    "6562702888": {
        "url": "https://checkout.hoodpay.io/e4ebdfc0-3396-49b4-a9a9-40f9ac235557",
        "payID": "e4ebdfc0-3396-49b4-a9a9-40f9ac235557",
        "description": "15 USD Topup Balance"
    },
    "5659171275": {
        "url": "https://checkout.hoodpay.io/3f317c3f-66f4-4d4e-b868-be85d0f7808a",
        "payID": "3f317c3f-66f4-4d4e-b868-be85d0f7808a",
        "description": "15 USD Topup Balance"
    },
    "6314371720": {
        "url": "https://checkout.hoodpay.io/372a8849-2b37-4a58-acd3-2b8cbfd44b6d",
        "payID": "372a8849-2b37-4a58-acd3-2b8cbfd44b6d",
        "description": "15 USD Topup Balance"
    },
    "5200201297": {
        "url": "https://checkout.hoodpay.io/41234da9-f6cb-4834-ad57-acdb0de6b5fe",
        "payID": "41234da9-f6cb-4834-ad57-acdb0de6b5fe",
        "description": "50 USD Topup Balance"
    }
}