[
    {
        "user_id": 123456,
        "amount": 10,
        "plan": "trial",
        "datetime": "2024-03-10T05:40:18.633144",
        "payment_link": "https://commerce.coinbase.com/pay/8157a739-97e9-4437-bdf6-4a463bee0d5d",
        "charge_code": "K49P6V8G",
        "payment_status": "Pending"
    },
    {
        "user_id": "45789",
        "amount": 100,
        "plan": "Trial",
        "datetime": "2024-03-10T05:42:35.131384",
        "payment_link": "https://commerce.coinbase.com/pay/f98a269b-dfd3-4dcc-9996-ca88acce1328",
        "charge_code": "WGTCJ6XC",
        "payment_status": "Pending"
    },
    {
        "user_id": "45789",
        "amount": 100,
        "plan": "Trial",
        "datetime": "2024-03-10T05:51:11.684724",
        "payment_link": "https://commerce.coinbase.com/charges/FEDYPMHH",
        "charge_code": "FEDYPMHH",
        "payment_status": "Pending"
    },
    {
        "user_id": 6160846794,
        "amount": 4,
        "plan": "Trial",
        "datetime": "2024-03-10T06:03:39.554448",
        "payment_link": "https://commerce.coinbase.com/charges/CLL87VYJ",
        "charge_code": "CLL87VYJ",
        "payment_status": "Pending"
    },
    {
        "user_id": 6160846794,
        "amount": 4,
        "plan": "Trial",
        "datetime": "2024-03-10T06:04:59.004002",
        "payment_link": "https://commerce.coinbase.com/charges/ZNZ47977",
        "charge_code": "ZNZ47977",
        "payment_status": "Pending"
    },
    {
        "user_id": 6160846794,
        "amount": 60,
        "plan": "Month",
        "datetime": "2024-03-10T06:08:46.607437",
        "payment_link": "https://commerce.coinbase.com/charges/HDXXP9VE",
        "charge_code": "HDXXP9VE",
        "payment_status": "Pending"
    },
    {
        "user_id": 6160846794,
        "amount": 4,
        "plan": "Trial",
        "datetime": "2024-03-10T06:27:56.935744",
        "payment_link": "https://commerce.coinbase.com/charges/NNBTV364",
        "charge_code": "NNBTV364",
        "payment_status": "Confirmed"
    },
    {
        "user_id": 5879576038,
        "amount": 4,
        "plan": "Trial",
        "datetime": "2024-03-10T08:20:00.868728",
        "payment_link": "https://commerce.coinbase.com/charges/Q48R9ADF",
        "charge_code": "Q48R9ADF",
        "payment_status": "Pending"
    },
    {
        "user_id": 5117681337,
        "amount": 4,
        "plan": "Trial",
        "datetime": "2024-03-10T10:09:49.470580",
        "payment_link": "https://commerce.coinbase.com/charges/93QPADDL",
        "charge_code": "93QPADDL",
        "payment_status": "Pending"
    },
    {
        "user_id": 1006007570,
        "amount": 4,
        "plan": "Trial",
        "datetime": "2024-03-11T10:48:42.633908",
        "payment_link": "https://commerce.coinbase.com/charges/QPY9W9QN",
        "charge_code": "QPY9W9QN",
        "payment_status": "Pending"
    }
]