[
    {
        "userid": 5983515377,
        "credit": 39.97,
        "paygo": false
    },
    {
        "userid": 6160846794,
        "credit": 0,
        "paygo": false
    },
    {
        "userid": 1944164565,
        "credit": 0,
        "paygo": false
    },
    {
        "userid": 6617083032,
        "credit": 0,
        "paygo": false
    },
    {
        "userid": 5114342379,
        "credit": 0,
        "paygo": false
    },
    {
        "userid": 5779344054,
        "credit": 0,
        "paygo": false
    },
    {
        "userid": 6887901741,
        "credit": 0,
        "paygo": false
    },
    {
        "userid": 651500717,
        "credit": 0,
        "paygo": false
    },
    {
        "userid": 6555867970,
        "credit": 0,
        "paygo": false
    },
    {
        "userid": 6711806944,
        "credit": 0,
        "paygo": false
    },
    {
        "userid": 839148472,
        "credit": 0,
        "paygo": false
    },
    {
        "userid": 6263688826,
        "credit": 0,
        "paygo": false
    },
    {
        "userid": 6436459394,
        "credit": 0,
        "paygo": false
    },
    {
        "userid": 1647345449,
        "credit": 0,
        "paygo": false
    },
    {
        "userid": 1081733637,
        "credit": 0,
        "paygo": false
    },
    {
        "userid": 6532243043,
        "credit": 0,
        "paygo": false
    },
    {
        "userid": 6398130467,
        "credit": 0,
        "paygo": false
    },
    {
        "userid": 1646163099,
        "credit": 0,
        "paygo": false
    },
    {
        "userid": 6113813970,
        "credit": 0,
        "paygo": false
    },
    {
        "userid": 1041517071,
        "credit": 0,
        "paygo": false
    },
    {
        "userid": 6575366842,
        "credit": 0,
        "paygo": false
    },
    {
        "userid": 5439842245,
        "credit": 0,
        "paygo": false
    },
    {
        "userid": 773559873,
        "credit": 0,
        "paygo": false
    },
    {
        "userid": 611431493,
        "credit": 0,
        "paygo": false
    },
    {
        "userid": 5644336651,
        "credit": 0,
        "paygo": false
    },
    {
        "userid": 2131565683,
        "credit": 0,
        "paygo": false
    },
    {
        "userid": 6515334839,
        "credit": 0,
        "paygo": false
    },
    {
        "userid": 1153941951,
        "credit": 0,
        "paygo": false
    },
    {
        "userid": 631138775,
        "credit": 0,
        "paygo": false
    },
    {
        "userid": 6648610751,
        "credit": 0,
        "paygo": false
    },
    {
        "userid": 6923095524,
        "credit": 0,
        "paygo": false
    },
    {
        "userid": 5872707334,
        "credit": 0,
        "paygo": false
    },
    {
        "userid": 450375095,
        "credit": 0,
        "paygo": false
    },
    {
        "userid": 5514496605,
        "credit": 0,
        "paygo": false
    },
    {
        "userid": 5686020660,
        "credit": 0,
        "paygo": false
    },
    {
        "userid": 5623418598,
        "credit": 0,
        "paygo": false
    },
    {
        "userid": 6781894242,
        "credit": 0,
        "paygo": false
    },
    {
        "userid": 6949679865,
        "credit": 0,
        "paygo": false
    },
    {
        "userid": 5206191921,
        "credit": 0,
        "paygo": false
    },
    {
        "userid": 6691790817,
        "credit": 0,
        "paygo": false
    },
    {
        "userid": 6486324040,
        "credit": 0,
        "paygo": false
    },
    {
        "userid": 1439645183,
        "credit": 0,
        "paygo": false
    },
    {
        "userid": 1050319176,
        "credit": 0,
        "paygo": false
    },
    {
        "userid": 6720387698,
        "credit": 0,
        "paygo": false
    },
    {
        "userid": 1069337724,
        "credit": 0,
        "paygo": false
    },
    {
        "userid": 371016563,
        "credit": 0,
        "paygo": false
    },
    {
        "userid": 1650033179,
        "credit": 0,
        "paygo": false
    },
    {
        "userid": 1376146175,
        "credit": 0,
        "paygo": false
    },
    {
        "userid": 6116481347,
        "credit": 0,
        "paygo": false
    },
    {
        "userid": 636640989,
        "credit": 0,
        "paygo": false
    },
    {
        "userid": 1505564494,
        "credit": 0,
        "paygo": false
    },
    {
        "userid": 6954992102,
        "credit": 0,
        "paygo": false
    },
    {
        "userid": 6546833059,
        "credit": 0,
        "paygo": false
    },
    {
        "userid": 5854985781,
        "credit": 0,
        "paygo": false
    },
    {
        "userid": 1298186966,
        "credit": 0,
        "paygo": false
    },
    {
        "userid": 6487452094,
        "credit": 0,
        "paygo": false
    },
    {
        "userid": 5536154117,
        "credit": 0,
        "paygo": false
    },
    {
        "userid": 791258008,
        "credit": 0,
        "paygo": false
    },
    {
        "userid": 6227925221,
        "credit": 0,
        "paygo": false
    },
    {
        "userid": 1135389031,
        "credit": 0,
        "paygo": false
    },
    {
        "userid": 5122024870,
        "credit": 0,
        "paygo": false
    },
    {
        "userid": 6043840696,
        "credit": 0,
        "paygo": false
    },
    {
        "userid": 5821336792,
        "credit": 0,
        "paygo": false
    },
    {
        "userid": 6925195643,
        "credit": 0,
        "paygo": false
    },
    {
        "userid": 5925408952,
        "credit": 0,
        "paygo": false
    },
    {
        "userid": 315012639,
        "credit": 0,
        "paygo": false
    },
    {
        "userid": 6386900832,
        "credit": 0,
        "paygo": false
    },
    {
        "userid": 5595871114,
        "credit": 0,
        "paygo": false
    },
    {
        "userid": 6169490214,
        "credit": 0,
        "paygo": false
    },
    {
        "userid": 534651777,
        "credit": 0,
        "paygo": false
    },
    {
        "userid": 5145864406,
        "credit": 0,
        "paygo": false
    },
    {
        "userid": 6554096509,
        "credit": 0,
        "paygo": false
    },
    {
        "userid": 5604904309,
        "credit": 0,
        "paygo": false
    },
    {
        "userid": 5650218083,
        "credit": 0,
        "paygo": false
    },
    {
        "userid": 5223128484,
        "credit": 0,
        "paygo": false
    },
    {
        "userid": 1244264321,
        "credit": 0,
        "paygo": false
    },
    {
        "userid": 5729618133,
        "credit": 0,
        "paygo": false
    },
    {
        "userid": 5431310108,
        "credit": 0,
        "paygo": false
    },
    {
        "userid": 6290763118,
        "credit": 0,
        "paygo": false
    },
    {
        "userid": 5958053713,
        "credit": 0,
        "paygo": false
    },
    {
        "userid": 6329904248,
        "credit": 0,
        "paygo": false
    },
    {
        "userid": 560340499,
        "credit": 0,
        "paygo": false
    },
    {
        "userid": 5923139557,
        "credit": 0,
        "paygo": false
    },
    {
        "userid": 6737928763,
        "credit": 0,
        "paygo": false
    },
    {
        "userid": 5212437557,
        "credit": 0,
        "paygo": false
    },
    {
        "userid": 5161647243,
        "credit": 0,
        "paygo": false
    },
    {
        "userid": 5075923964,
        "credit": 0,
        "paygo": false
    },
    {
        "userid": 5631350711,
        "credit": 0,
        "paygo": false
    },
    {
        "userid": 6251440822,
        "credit": 0,
        "paygo": false
    },
    {
        "userid": 6814342524,
        "credit": 0,
        "paygo": false
    },
    {
        "userid": 6324673023,
        "credit": 0,
        "paygo": false
    },
    {
        "userid": 6691936440,
        "credit": 0,
        "paygo": false
    },
    {
        "userid": 5475091602,
        "credit": 0,
        "paygo": false
    },
    {
        "userid": 6653858737,
        "credit": 0,
        "paygo": false
    },
    {
        "userid": 6105893466,
        "credit": 0,
        "paygo": false
    },
    {
        "userid": 6786981236,
        "credit": 0,
        "paygo": false
    },
    {
        "userid": 6761963038,
        "credit": 0,
        "paygo": false
    },
    {
        "userid": 5694511071,
        "credit": 0,
        "paygo": false
    },
    {
        "userid": 5588145378,
        "credit": 0,
        "paygo": false
    },
    {
        "userid": 5768257272,
        "credit": 0,
        "paygo": false
    },
    {
        "userid": 283014020,
        "credit": 0,
        "paygo": false
    },
    {
        "userid": 2018941791,
        "credit": 0,
        "paygo": false
    },
    {
        "userid": 5562474586,
        "credit": 0,
        "paygo": false
    },
    {
        "userid": 6064822951,
        "credit": 0,
        "paygo": false
    },
    {
        "userid": 6040623989,
        "credit": 0,
        "paygo": false
    },
    {
        "userid": 5704805046,
        "credit": 0,
        "paygo": false
    },
    {
        "userid": 1905206291,
        "credit": 0,
        "paygo": false
    },
    {
        "userid": 1528030687,
        "credit": 0,
        "paygo": false
    },
    {
        "userid": 5215154006,
        "credit": 0,
        "paygo": false
    },
    {
        "userid": 5036140229,
        "credit": 0,
        "paygo": false
    },
    {
        "userid": 6736648507,
        "credit": 0,
        "paygo": false
    },
    {
        "userid": 6958716156,
        "credit": 0,
        "paygo": false
    },
    {
        "userid": 6253884136,
        "credit": 0,
        "paygo": false
    },
    {
        "userid": 888103178,
        "credit": 0,
        "paygo": false
    },
    {
        "userid": 583211782,
        "credit": 0,
        "paygo": false
    },
    {
        "userid": 619825909,
        "credit": 0,
        "paygo": false
    },
    {
        "userid": 5938650171,
        "credit": 0,
        "paygo": false
    },
    {
        "userid": 6402130696,
        "credit": 0,
        "paygo": false
    },
    {
        "userid": 5806363428,
        "credit": 0,
        "paygo": false
    },
    {
        "userid": 5715527743,
        "credit": 0,
        "paygo": false
    },
    {
        "userid": 5908408006,
        "credit": 0,
        "paygo": false
    },
    {
        "userid": 5291666179,
        "credit": 0,
        "paygo": false
    },
    {
        "userid": 6734185633,
        "credit": 0,
        "paygo": false
    },
    {
        "userid": 1664347424,
        "credit": 0,
        "paygo": false
    },
    {
        "userid": 6000803567,
        "credit": 0,
        "paygo": false
    },
    {
        "userid": 6962925493,
        "credit": 0,
        "paygo": false
    },
    {
        "userid": 1547597998,
        "credit": 0,
        "paygo": false
    },
    {
        "userid": 6372297232,
        "credit": 0,
        "paygo": false
    },
    {
        "userid": 5525384844,
        "credit": 0,
        "paygo": false
    },
    {
        "userid": 5937835455,
        "credit": 0,
        "paygo": false
    },
    {
        "userid": 1872954871,
        "credit": 0,
        "paygo": false
    },
    {
        "userid": 6440533689,
        "credit": 0,
        "paygo": false
    },
    {
        "userid": 6734641457,
        "credit": 0,
        "paygo": false
    },
    {
        "userid": 483898645,
        "credit": 0,
        "paygo": false
    },
    {
        "userid": 6169264424,
        "credit": 0,
        "paygo": false
    },
    {
        "userid": 5816066870,
        "credit": 0,
        "paygo": false
    },
    {
        "userid": 5049777478,
        "credit": 0,
        "paygo": false
    },
    {
        "userid": 6618110187,
        "credit": 0,
        "paygo": false
    },
    {
        "userid": 451291206,
        "credit": 0,
        "paygo": false
    },
    {
        "userid": 6879783601,
        "credit": 0,
        "paygo": false
    },
    {
        "userid": 5970418927,
        "credit": 0,
        "paygo": false
    },
    {
        "userid": 5542419097,
        "credit": 0,
        "paygo": false
    },
    {
        "userid": 5325056610,
        "credit": 0,
        "paygo": false
    },
    {
        "userid": 1105534453,
        "credit": 0,
        "paygo": false
    },
    {
        "userid": 5710424023,
        "credit": 0,
        "paygo": false
    },
    {
        "userid": 1843119079,
        "credit": 0,
        "paygo": false
    },
    {
        "userid": 5820142619,
        "credit": 0,
        "paygo": false
    },
    {
        "userid": 764526729,
        "credit": 0,
        "paygo": false
    },
    {
        "userid": 1484946349,
        "credit": 0,
        "paygo": false
    },
    {
        "userid": 6698644472,
        "credit": 0,
        "paygo": false
    },
    {
        "userid": 6578107822,
        "credit": 0,
        "paygo": false
    },
    {
        "userid": 1868148426,
        "credit": 0,
        "paygo": false
    },
    {
        "userid": 5794348173,
        "credit": 0,
        "paygo": false
    },
    {
        "userid": 6488806387,
        "credit": 0,
        "paygo": false
    },
    {
        "userid": 5676181485,
        "credit": 0,
        "paygo": false
    },
    {
        "userid": 1486845796,
        "credit": 0,
        "paygo": false
    },
    {
        "userid": 6740951665,
        "credit": 0,
        "paygo": false
    },
    {
        "userid": 5023619449,
        "credit": 0,
        "paygo": false
    },
    {
        "userid": 1284385207,
        "credit": 0,
        "paygo": false
    },
    {
        "userid": 5083400237,
        "credit": 0,
        "paygo": false
    },
    {
        "userid": 6173206299,
        "credit": 0,
        "paygo": false
    },
    {
        "userid": 1982505748,
        "credit": 0,
        "paygo": false
    },
    {
        "userid": 5840285176,
        "credit": 0,
        "paygo": false
    },
    {
        "userid": 5043232586,
        "credit": 0,
        "paygo": false
    },
    {
        "userid": 5712316285,
        "credit": 0,
        "paygo": false
    },
    {
        "userid": 5790022908,
        "credit": 0,
        "paygo": false
    },
    {
        "userid": 6316552647,
        "credit": 0,
        "paygo": false
    },
    {
        "userid": 5979573961,
        "credit": 0,
        "paygo": false
    },
    {
        "userid": 1624978971,
        "credit": 0,
        "paygo": false
    },
    {
        "userid": 6812894968,
        "credit": 0,
        "paygo": false
    },
    {
        "userid": 2022524199,
        "credit": 0,
        "paygo": false
    },
    {
        "userid": 6278115753,
        "credit": 0,
        "paygo": false
    },
    {
        "userid": 1966502826,
        "credit": 0,
        "paygo": false
    },
    {
        "userid": 6846716171,
        "credit": 0,
        "paygo": false
    },
    {
        "userid": 6362530626,
        "credit": 0,
        "paygo": false
    },
    {
        "userid": 6884432562,
        "credit": 0,
        "paygo": false
    },
    {
        "userid": 958819258,
        "credit": 0,
        "paygo": false
    },
    {
        "userid": 6032740346,
        "credit": 0,
        "paygo": false
    },
    {
        "userid": 2066968638,
        "credit": 0,
        "paygo": false
    },
    {
        "userid": 5276165802,
        "credit": 0,
        "paygo": false
    },
    {
        "userid": 1477904519,
        "credit": 0,
        "paygo": false
    },
    {
        "userid": 6113781763,
        "credit": 0,
        "paygo": false
    },
    {
        "userid": 5821728182,
        "credit": 0,
        "paygo": false
    },
    {
        "userid": 5853430981,
        "credit": 0,
        "paygo": false
    },
    {
        "userid": 6284023740,
        "credit": 0,
        "paygo": false
    },
    {
        "userid": 5973134489,
        "credit": 0,
        "paygo": false
    },
    {
        "userid": 7066710622,
        "credit": 0,
        "paygo": false
    },
    {
        "userid": 1745413759,
        "credit": 0,
        "paygo": false
    },
    {
        "userid": 5206635055,
        "credit": 0,
        "paygo": false
    },
    {
        "userid": 950302253,
        "credit": 0,
        "paygo": false
    },
    {
        "userid": 1365539575,
        "credit": 0,
        "paygo": false
    },
    {
        "userid": 5659171275,
        "credit": 0,
        "paygo": false
    },
    {
        "userid": 6314371720,
        "credit": 0,
        "paygo": false
    },
    {
        "userid": 5399616566,
        "credit": 0,
        "paygo": false
    },
    {
        "userid": 1613973780,
        "credit": 0,
        "paygo": false
    },
    {
        "userid": 5447325048,
        "credit": 0,
        "paygo": false
    },
    {
        "userid": 1418787557,
        "credit": 0,
        "paygo": false
    },
    {
        "userid": 6216549904,
        "credit": 0,
        "paygo": false
    },
    {
        "userid": 1745334635,
        "credit": 0,
        "paygo": false
    },
    {
        "userid": 6619652371,
        "credit": 0,
        "paygo": false
    },
    {
        "userid": 6703655290,
        "credit": 0,
        "paygo": false
    },
    {
        "userid": 5488830549,
        "credit": 0,
        "paygo": false
    },
    {
        "userid": 5200201297,
        "credit": 0,
        "paygo": false
    },
    {
        "userid": 1518117990,
        "credit": 0,
        "paygo": false
    },
    {
        "userid": 1617184065,
        "credit": 0,
        "paygo": false
    },
    {
        "userid": 1798925686,
        "credit": 0,
        "paygo": false
    },
    {
        "userid": 5499586270,
        "credit": 0,
        "paygo": false
    },
    {
        "userid": 886657001,
        "credit": 0,
        "paygo": false
    },
    {
        "userid": 5068047870,
        "credit": 0,
        "paygo": false
    },
    {
        "userid": 1070727117,
        "credit": 0,
        "paygo": false
    },
    {
        "userid": 6329747886,
        "credit": 0,
        "paygo": false
    },
    {
        "userid": 6821841139,
        "credit": 0,
        "paygo": false
    },
    {
        "userid": 5246693186,
        "credit": 0,
        "paygo": false
    },
    {
        "userid": 6899170817,
        "credit": 0,
        "paygo": false
    },
    {
        "userid": 6562702888,
        "credit": 0,
        "paygo": false
    },
    {
        "userid": 6424943054,
        "credit": 0,
        "paygo": false
    },
    {
        "userid": 2103086963,
        "credit": 0,
        "paygo": false
    },
    {
        "userid": 1595176384,
        "credit": 0,
        "paygo": false
    },
    {
        "userid": 5821227010,
        "credit": 0,
        "paygo": false
    },
    {
        "userid": 1475343034,
        "credit": 0,
        "paygo": false
    },
    {
        "userid": 7087547058,
        "credit": 0,
        "paygo": false
    },
    {
        "userid": 6192718167,
        "credit": 0,
        "paygo": false
    },
    {
        "userid": 5869496002,
        "credit": 0,
        "paygo": false
    },
    {
        "userid": 5817581470,
        "credit": 0,
        "paygo": false
    },
    {
        "userid": 5091964257,
        "credit": 0,
        "paygo": false
    },
    {
        "userid": 6537641248,
        "credit": 0,
        "paygo": false
    },
    {
        "userid": 6132733188,
        "credit": 0,
        "paygo": false
    },
    {
        "userid": 5832560589,
        "credit": 0,
        "paygo": false
    },
    {
        "userid": 7129957515,
        "credit": 0,
        "paygo": false
    },
    {
        "userid": 6897791700,
        "credit": 0,
        "paygo": false
    },
    {
        "userid": 6207699195,
        "credit": 0,
        "paygo": false
    },
    {
        "userid": 6649521395,
        "credit": 0,
        "paygo": false
    },
    {
        "userid": 5879576038,
        "credit": 0,
        "paygo": false
    },
    {
        "userid": 5117681337,
        "credit": 0,
        "paygo": false
    },
    {
        "userid": 1535679959,
        "credit": 0,
        "paygo": false
    },
    {
        "userid": 5864911946,
        "credit": 0,
        "paygo": false
    },
    {
        "userid": 5995190778,
        "credit": 0,
        "paygo": false
    },
    {
        "userid": 1448220413,
        "credit": 0,
        "paygo": false
    },
    {
        "userid": 5668369108,
        "credit": 0,
        "paygo": false
    },
    {
        "userid": 5377142566,
        "credit": 0,
        "paygo": false
    },
    {
        "userid": 2003443395,
        "credit": 0,
        "paygo": false
    },
    {
        "userid": 1006007570,
        "credit": 0,
        "paygo": false
    }
]